INSERT INTO PRODUCTS (ID, NAME, PRICE) VALUES (0, 'Milchkaffee', 2.77);
INSERT INTO PRODUCTS (ID, NAME, PRICE) VALUES (1, 'Cappuccino', 2.98);
INSERT INTO PRODUCTS (ID, NAME, PRICE) VALUES (2, 'Latte macchiato', 3.10);
INSERT INTO PRODUCTS (ID, NAME, PRICE) VALUES (3, 'Espresso', 2.21);
INSERT INTO PRODUCTS (ID, NAME, PRICE) VALUES (4, 'Heiße Schokolade', 1.90);

INSERT INTO ORDERS (ID, STATE) VALUES (0, 0);
INSERT INTO ORDERS (ID, STATE) VALUES (1, 0);
INSERT INTO ORDERS (ID, STATE) VALUES (2, 0);
INSERT INTO ORDERS (ID, STATE) VALUES (3, 0);
INSERT INTO ORDERS (ID, STATE) VALUES (4, 0);

INSERT INTO ORDER_ITEMS (ID, PRODUCT_ID, AMOUNT, ORDER_ID) VALUES (0, 0, 1, 0);

INSERT INTO ORDER_ITEMS (ID, PRODUCT_ID, AMOUNT, ORDER_ID) VALUES (1, 1, 1, 1);
INSERT INTO ORDER_ITEMS (ID, PRODUCT_ID, AMOUNT, ORDER_ID) VALUES (2, 4, 1, 1);

INSERT INTO ORDER_ITEMS (ID, PRODUCT_ID, AMOUNT, ORDER_ID) VALUES (3, 1, 1, 2);
INSERT INTO ORDER_ITEMS (ID, PRODUCT_ID, AMOUNT, ORDER_ID) VALUES (4, 1, 1, 2);
INSERT INTO ORDER_ITEMS (ID, PRODUCT_ID, AMOUNT, ORDER_ID) VALUES (5, 4, 1, 2);

INSERT INTO ORDER_ITEMS (ID, PRODUCT_ID, AMOUNT, ORDER_ID) VALUES (6, 2, 1, 3);
INSERT INTO ORDER_ITEMS (ID, PRODUCT_ID, AMOUNT, ORDER_ID) VALUES (7, 1, 1, 3);
INSERT INTO ORDER_ITEMS (ID, PRODUCT_ID, AMOUNT, ORDER_ID) VALUES (8, 1, 1, 3);
INSERT INTO ORDER_ITEMS (ID, PRODUCT_ID, AMOUNT, ORDER_ID) VALUES (9, 2, 1, 3);

INSERT INTO ORDER_ITEMS (ID, PRODUCT_ID, AMOUNT, ORDER_ID) VALUES (10, 0, 1, 4);
INSERT INTO ORDER_ITEMS (ID, PRODUCT_ID, AMOUNT, ORDER_ID) VALUES (11, 1, 1, 4);
INSERT INTO ORDER_ITEMS (ID, PRODUCT_ID, AMOUNT, ORDER_ID) VALUES (12, 2, 1, 4);
INSERT INTO ORDER_ITEMS (ID, PRODUCT_ID, AMOUNT, ORDER_ID) VALUES (13, 3, 1, 4);
INSERT INTO ORDER_ITEMS (ID, PRODUCT_ID, AMOUNT, ORDER_ID) VALUES (14, 4, 1, 4);